{
    "bounding_box_min": [
        -0.034134931533273516,
        -0.034134931533273516,
        0.0
    ],
    "bounding_box_max": [
        0.03413490730994617,
        0.03413490730994617,
        0.24674554641073243
    ],
    "model_size": [
        0.06826983884321969,
        0.06826983884321969,
        0.24674554641073243
    ]
}