{
    "bounding_box_min": [
        -0.010814514284806065,
        -0.014222634298579506,
        0.24674554641073243
    ],
    "bounding_box_max": [
        0.01763074977047907,
        0.01422262975670563,
        0.25326045874654923
    ],
    "model_size": [
        0.028445264055285135,
        0.028445264055285135,
        0.006514912335816803
    ]
}