{
    "bounding_box_min": [
        -0.08203842619280396,
        -0.056438502338806984,
        0.0
    ],
    "bounding_box_max": [
        0.056438502338806984,
        0.056438502338806984,
        0.11715706624144673
    ],
    "model_size": [
        0.13847692853161095,
        0.11287700467761397,
        0.11715706624144673
    ]
}