{
    "bounding_box_min": [
        -0.05240014195761322,
        -0.05227816680832831,
        0.0
    ],
    "bounding_box_max": [
        0.05227816680832831,
        0.05227816680832831,
        0.11189647496472332
    ],
    "model_size": [
        0.10467830876594153,
        0.10455633361665662,
        0.11189647496472332
    ]
}