{
    "bounding_box_min": [
        -0.057280314958951806,
        -0.057280314958951806,
        0.0
    ],
    "bounding_box_max": [
        0.057280314958951806,
        0.057280314958951806,
        0.11724031684465785
    ],
    "model_size": [
        0.11456062991790361,
        0.11456062991790361,
        0.11724031684465785
    ]
}