{
    "bounding_box_min": [
        0.0,
        0.0,
        5.594813501375029e-16
    ],
    "bounding_box_max": [
        0.018288005813598632,
        0.2099572619628906,
        0.017178497470855713
    ],
    "model_size": [
        0.018288005813598632,
        0.2099572619628906,
        0.017178497470855154
    ]
}