{
    "bounding_box_min": [
        -0.03964184835786,
        -0.0402017199607867,
        0.0009426469914615154
    ],
    "bounding_box_max": [
        0.042183864487643774,
        0.03635309309734325,
        0.11288929026341066
    ],
    "model_size": [
        0.08182571284550377,
        0.07655481305812994,
        0.11194664327194914
    ]
}