{
    "bounding_box_min": [
        0.0001410479067824781,
        0.0009782335303624137,
        0.0
    ],
    "bounding_box_max": [
        0.03547564737174376,
        0.1959415574897384,
        0.014467472578220274
    ],
    "model_size": [
        0.035334599464961286,
        0.194963323959376,
        0.014467472578220274
    ]
}