{
    "bounding_box_min": [
        0.0,
        0.0,
        0.0
    ],
    "bounding_box_max": [
        0.07298552720557172,
        0.07298552720557172,
        0.28931894048088047
    ],
    "model_size": [
        0.07298552720557172,
        0.07298552720557172,
        0.28931894048088047
    ]
}