{
    "bounding_box_min": [
        0.021892614803382338,
        0.021892614803382338,
        0.28931462872861324
    ],
    "bounding_box_max": [
        0.05109291391614734,
        0.05109291391614734,
        0.3044593921106493
    ],
    "model_size": [
        0.029200299112765005,
        0.029200299112765005,
        0.015144763382036075
    ]
}