{
    "bounding_box_min": [
        0.0,
        0.0,
        0.0
    ],
    "bounding_box_max": [
        0.07298552808761596,
        0.07298552808761596,
        0.30445939579010006
    ],
    "model_size": [
        0.07298552808761596,
        0.07298552808761596,
        0.30445939579010006
    ]
}