{
    "bounding_box_min": [
        -0.09266230569446633,
        -0.08890138743388717,
        -0.0012902849118312078
    ],
    "bounding_box_max": [
        0.10078101988018746,
        0.10454193814076662,
        0.030523842333751307
    ],
    "model_size": [
        0.1934433255746538,
        0.1934433255746538,
        0.03181412724558252
    ]
}