{
    "bounding_box_min": [
        -0.06553434438390049,
        -0.06412750982124216,
        -2.0603199573088204e-06
    ],
    "bounding_box_max": [
        0.13191942749631558,
        0.06676849174689359,
        0.20431169629253176
    ],
    "model_size": [
        0.19745377188021607,
        0.13089600156813574,
        0.20431375661248907
    ]
}