{
    "bounding_box_min": [
        0.004690587696370818,
        0.005176117041737538,
        0.0
    ],
    "bounding_box_max": [
        0.1103851754706355,
        0.11064009892893233,
        0.18542167401341558
    ],
    "model_size": [
        0.10569458777426469,
        0.10546398188719479,
        0.18542167401341558
    ]
}