{
    "bounding_box_min": [
        0.0,
        0.0,
        0.18451245142155948
    ],
    "bounding_box_max": [
        0.11548576682714096,
        0.11548576682714096,
        0.20232017601599628
    ],
    "model_size": [
        0.11548576682714096,
        0.11548576682714096,
        0.017807724594436802
    ]
}