{
    "bounding_box_min": [
        -0.0759933300011042,
        -0.05534913516668638,
        -0.0009974129498004913
    ],
    "bounding_box_max": [
        0.05153686865298113,
        0.03436767435697874,
        0.10901481449570483
    ],
    "model_size": [
        0.12753019865408532,
        0.08971680952366512,
        0.11001222744550532
    ]
}