{
    "bounding_box_min": [
        -0.037586370648663645,
        -0.0390901239031748,
        7.507414939118828e-05
    ],
    "bounding_box_max": [
        0.039004282001807264,
        0.03749942913354709,
        0.09485755527016232
    ],
    "model_size": [
        0.07659065265047091,
        0.0765895530367219,
        0.09478248112077113
    ]
}