{
    "bounding_box_min": [
        0.005000000204814697,
        -0.049999999777210036,
        0.0
    ],
    "bounding_box_max": [
        0.1518132607232907,
        0.049999999777210036,
        0.12250000672116279
    ],
    "model_size": [
        0.146813260518476,
        0.09999999955442007,
        0.12250000672116279
    ]
}