{
    "bounding_box_min": [
        -0.04090499861525165,
        -0.04090499861525165,
        0.0
    ],
    "bounding_box_max": [
        0.08250360315372118,
        0.04090499861525165,
        0.07661755338162513
    ],
    "model_size": [
        0.12340860176897284,
        0.0818099972305033,
        0.07661755338162513
    ]
}