{
    "bounding_box_min": [
        0.008155370472906431,
        -0.03222531577020127,
        0.08396772490710891
    ],
    "bounding_box_max": [
        0.08015537110872373,
        0.039774703638695064,
        0.08396772490710891
    ],
    "model_size": [
        0.0720000006358173,
        0.07200001940889633,
        0.0
    ]
}