{
    "bounding_box_min": [
        -0.014356892876613821,
        0.007820531164401153,
        -0.0001301665327147906
    ],
    "bounding_box_max": [
        0.007945961549028734,
        0.20073789017114405,
        0.01732752823034148
    ],
    "model_size": [
        0.022302854425642553,
        0.19291735900674287,
        0.017457694763056274
    ]
}