{
    "bounding_box_min": [
        -0.041472891973920234,
        -0.041472891973920234,
        0.0
    ],
    "bounding_box_max": [
        0.04147286926221114,
        0.04147286926221114,
        0.2795550037886819
    ],
    "model_size": [
        0.08294576123613137,
        0.08294576123613137,
        0.2795550037886819
    ]
}