{
    "bounding_box_min": [
        -0.014105315386761456,
        -0.014105315386761456,
        0.2795550037886819
    ],
    "bounding_box_max": [
        0.014105305377239745,
        0.014105305377239745,
        0.29599996690174646
    ],
    "model_size": [
        0.0282106207640012,
        0.0282106207640012,
        0.016444963113064537
    ]
}