{
    "bounding_box_min": [
        -0.04147289247512817,
        -0.04147289247512817,
        0.0
    ],
    "bounding_box_max": [
        0.041472869763418796,
        0.041472869763418796,
        0.2959999704789635
    ],
    "model_size": [
        0.08294576223854697,
        0.08294576223854697,
        0.2959999704789635
    ]
}